{
  "test_samples": 57,
  "accuracy": 0.9824561403508771,
  "f1_macro": 0.9824915824915826,
  "f1_weighted": 0.9822434875066454,
  "f1_micro": 0.9824561403508771,
  "confidence": {
    "mean_predicted_class_confidence": 0.9398595690727234,
    "median_predicted_class_confidence": 0.9448371529579163,
    "min_predicted_class_confidence": 0.8208748698234558,
    "max_predicted_class_confidence": 0.9587360620498657,
    "mean_confidence_correct_predictions": 0.9411472678184509,
    "mean_confidence_incorrect_predictions": 0.8677504658699036
  },
  "per_class": {
    "careful": {
      "precision": 1.0,
      "recall": 0.8333333333333334,
      "f1-score": 0.9090909090909091,
      "support": 6.0
    },
    "cheap": {
      "precision": 1.0,
      "recall": 1.0,
      "f1-score": 1.0,
      "support": 6.0
    },
    "crazy": {
      "precision": 1.0,
      "recall": 1.0,
      "f1-score": 1.0,
      "support": 6.0
    },
    "dangerous": {
      "precision": 1.0,
      "recall": 1.0,
      "f1-score": 1.0,
      "support": 7.0
    },
    "decent": {
      "precision": 1.0,
      "recall": 1.0,
      "f1-score": 1.0,
      "support": 7.0
    },
    "dumb": {
      "precision": 0.875,
      "recall": 1.0,
      "f1-score": 0.9333333333333333,
      "support": 7.0
    },
    "fantastic": {
      "precision": 1.0,
      "recall": 1.0,
      "f1-score": 1.0,
      "support": 6.0
    },
    "far": {
      "precision": 1.0,
      "recall": 1.0,
      "f1-score": 1.0,
      "support": 6.0
    },
    "fearful": {
      "precision": 1.0,
      "recall": 1.0,
      "f1-score": 1.0,
      "support": 6.0
    },
    "accuracy": 0.9824561403508771,
    "macro avg": {
      "precision": 0.9861111111111112,
      "recall": 0.9814814814814815,
      "f1-score": 0.9824915824915826,
      "support": 57.0
    },
    "weighted avg": {
      "precision": 0.9846491228070176,
      "recall": 0.9824561403508771,
      "f1-score": 0.9822434875066454,
      "support": 57.0
    }
  },
  "data": {
    "num_classes": 9,
    "class_names": [
      "careful",
      "cheap",
      "crazy",
      "dangerous",
      "decent",
      "dumb",
      "fantastic",
      "far",
      "fearful"
    ],
    "raw_samples_total": 227,
    "train_samples_after_augmentation": 680,
    "val_samples": 34,
    "test_samples": 57
  }
}