{
  "accuracy": 0.9824561403508771,
  "top3_accuracy": 1.0,
  "top5_accuracy": 1.0,
  "latency": {
    "mean_ms": 97.5395701755093,
    "median_ms": 82.3937000004662,
    "std_ms": 42.491243027719115,
    "min_ms": 78.8682999991579,
    "max_ms": 308.5630999994464,
    "p95_ms": 166.61512000064235,
    "p99_ms": 292.25578800003854
  },
  "confidence_stats": {
    "overall": {
      "mean": 0.9400438666343689,
      "median": 0.9448203444480896,
      "std": 0.024730930104851723
    },
    "correct_predictions": {
      "mean": 0.9413315653800964,
      "median": 0.9451996088027954
    },
    "incorrect_predictions": {
      "mean": 0.8679336905479431,
      "median": 0.8679336905479431
    }
  },
  "error_analysis": {
    "total_errors": 1,
    "error_rate": 0.017543859649122806,
    "sample_errors": [
      {
        "sample_idx": 30,
        "true_class": "careful",
        "predicted_class": "dumb",
        "confidence": 0.8679336905479431
      }
    ],
    "most_confused_pairs": [
      {
        "true_class": "careful",
        "predicted_class": "dumb",
        "count": 1
      }
    ]
  },
  "classification_report": {
    "careful": {
      "precision": 1.0,
      "recall": 0.8333333333333334,
      "f1-score": 0.9090909090909091,
      "support": 6.0
    },
    "cheap": {
      "precision": 1.0,
      "recall": 1.0,
      "f1-score": 1.0,
      "support": 6.0
    },
    "crazy": {
      "precision": 1.0,
      "recall": 1.0,
      "f1-score": 1.0,
      "support": 6.0
    },
    "dangerous": {
      "precision": 1.0,
      "recall": 1.0,
      "f1-score": 1.0,
      "support": 7.0
    },
    "decent": {
      "precision": 1.0,
      "recall": 1.0,
      "f1-score": 1.0,
      "support": 7.0
    },
    "dumb": {
      "precision": 0.875,
      "recall": 1.0,
      "f1-score": 0.9333333333333333,
      "support": 7.0
    },
    "fantastic": {
      "precision": 1.0,
      "recall": 1.0,
      "f1-score": 1.0,
      "support": 6.0
    },
    "far": {
      "precision": 1.0,
      "recall": 1.0,
      "f1-score": 1.0,
      "support": 6.0
    },
    "fearful": {
      "precision": 1.0,
      "recall": 1.0,
      "f1-score": 1.0,
      "support": 6.0
    },
    "accuracy": 0.9824561403508771,
    "macro avg": {
      "precision": 0.9861111111111112,
      "recall": 0.9814814814814815,
      "f1-score": 0.9824915824915826,
      "support": 57.0
    },
    "weighted avg": {
      "precision": 0.9846491228070176,
      "recall": 0.9824561403508771,
      "f1-score": 0.9822434875066454,
      "support": 57.0
    }
  }
}